"id","name","type","date_established","acreage","detail_page_url"
"acadia","Acadia","park","1919-02-26T06:00:00.000Z",49057.36,"https://en.wikipedia.org/wiki/Acadia_National_Park"
"american-samoa","American Samoa","park","1988-10-31T06:00:00.000Z",8256.67,"https://en.wikipedia.org/wiki/National_Park_of_American_Samoa"
"arches","Arches","park","1971-11-12T06:00:00.000Z",76678.98,"https://en.wikipedia.org/wiki/Arches_National_Park"
"badlands","Badlands","park","1978-11-10T06:00:00.000Z",242755.94,"https://en.wikipedia.org/wiki/Badlands_National_Park"
"big-bend","Big Bend","park","1944-06-12T05:00:00.000Z",801163.21,"https://en.wikipedia.org/wiki/Big_Bend_National_Park"
"biscayne","Biscayne","park","1980-06-28T05:00:00.000Z",172971.11,"https://en.wikipedia.org/wiki/Biscayne_National_Park"
"black-canyon-of-the-gunnison","Black Canyon of the Gunnison","park","1999-10-21T05:00:00.000Z",30749.75,"https://en.wikipedia.org/wiki/Black_Canyon_of_the_Gunnison_National_Park"
"bryce-canyon","Bryce Canyon","park","1928-02-25T06:00:00.000Z",35835.08,"https://en.wikipedia.org/wiki/Bryce_Canyon_National_Park"
"canyonlands","Canyonlands","park","1964-09-12T05:00:00.000Z",337597.83,"https://en.wikipedia.org/wiki/Canyonlands_National_Park"
"capitol-reef","Capitol Reef","park","1971-12-18T06:00:00.000Z",241904.26,"https://en.wikipedia.org/wiki/Capitol_Reef_National_Park"
"carlsbad-caverns","Carlsbad Caverns","park","1930-05-14T05:00:00.000Z",46766.45,"https://en.wikipedia.org/wiki/Carlsbad_Caverns_National_Park"
"channel-islands","Channel Islands","park","1980-03-05T06:00:00.000Z",249561,"https://en.wikipedia.org/wiki/Channel_Islands_National_Park"
"congaree","Congaree","park","2003-11-10T06:00:00.000Z",26275.82,"https://en.wikipedia.org/wiki/Congaree_National_Park"
"crater-lake","Crater Lake","park","1902-05-22T05:00:00.000Z",183224.05,"https://en.wikipedia.org/wiki/Crater_Lake_National_Park"
"cuyahoga-valley","Cuyahoga Valley","park","2000-10-11T05:00:00.000Z",32572.35,"https://en.wikipedia.org/wiki/Cuyahoga_Valley_National_Park"
"death-valley","Death Valley","park","1994-10-31T06:00:00.000Z",3373063.14,"https://en.wikipedia.org/wiki/Death_Valley_National_Park"
"denali","Denali","park","1917-02-26T06:00:00.000Z",4740911.16,"https://en.wikipedia.org/wiki/Denali_National_Park_and_Preserve"
"dry-tortugas","Dry Tortugas","park","1992-10-26T06:00:00.000Z",64701.22,"https://en.wikipedia.org/wiki/Dry_Tortugas_National_Park"
"everglades","Everglades","park","1934-05-30T05:00:00.000Z",1508968.1,"https://en.wikipedia.org/wiki/Everglades_National_Park"
"gates-of-the-arctic","Gates of the Arctic","park","1980-12-02T06:00:00.000Z",7523897.45,"https://en.wikipedia.org/wiki/Gates_of_the_Arctic_National_Park_and_Preserve"
"glacier","Glacier","park","1910-05-11T05:00:00.000Z",1013128.94,"https://en.wikipedia.org/wiki/Glacier_National_Park_(U.S.)"
"glacier-bay","Glacier Bay","park","1980-12-02T06:00:00.000Z",3223383.43,"https://en.wikipedia.org/wiki/Glacier_Bay_National_Park_and_Preserve"
"grand-canyon","Grand Canyon","park","1919-02-26T06:00:00.000Z",1201647.03,"https://en.wikipedia.org/wiki/Grand_Canyon_National_Park"
"grand-teton","Grand Teton","park","1929-02-26T06:00:00.000Z",310043.96,"https://en.wikipedia.org/wiki/Grand_Teton_National_Park"
"great-basin","Great Basin","park","1986-10-27T06:00:00.000Z",77180,"https://en.wikipedia.org/wiki/Great_Basin_National_Park"
"great-sand-dunes","Great Sand Dunes","park","2004-09-13T05:00:00.000Z",107341.87,"https://en.wikipedia.org/wiki/Great_Sand_Dunes_National_Park_and_Preserve"
"great-smoky-mountains","Great Smoky Mountains","park","1934-06-15T05:00:00.000Z",522426.88,"https://en.wikipedia.org/wiki/Great_Smoky_Mountains_National_Park"
"guadalupe-mountains","Guadalupe Mountains","park","1966-10-15T05:00:00.000Z",86367.1,"https://en.wikipedia.org/wiki/Guadalupe_Mountains_National_Park"
"haleakala","Haleakalā","park","1916-08-01T05:00:00.000Z",33264.62,"https://en.wikipedia.org/wiki/Haleakal%C4%81_National_Park"
"hawaiʻi-volcanoes","Hawaiʻi Volcanoes","park","1916-08-01T05:00:00.000Z",323431.38,"https://en.wikipedia.org/wiki/Hawai%CA%BBi_Volcanoes_National_Park"
"hot-springs","Hot Springs","park","1921-03-04T06:00:00.000Z",5549.1,"https://en.wikipedia.org/wiki/Hot_Springs_National_Park"
"isle-royale","Isle Royale","park","1940-04-03T05:00:00.000Z",571790.11,"https://en.wikipedia.org/wiki/Isle_Royale_National_Park"
"joshua-tree","Joshua Tree","park","1994-10-31T06:00:00.000Z",790635.74,"https://en.wikipedia.org/wiki/Joshua_Tree_National_Park"
"katmai","Katmai","park","1980-12-02T06:00:00.000Z",3674529.33,"https://en.wikipedia.org/wiki/Katmai_National_Park_and_Preserve"
"kenai-fjords","Kenai Fjords","park","1980-12-02T06:00:00.000Z",669983.65,"https://en.wikipedia.org/wiki/Kenai_Fjords_National_Park"
"kings-canyon","Kings Canyon","park","1940-03-04T06:00:00.000Z",461901.2,"https://en.wikipedia.org/wiki/Kings_Canyon_National_Park"
"kobuk-valley","Kobuk Valley","park","1980-12-02T06:00:00.000Z",1750716.16,"https://en.wikipedia.org/wiki/Kobuk_Valley_National_Park"
"lake-clark","Lake Clark","park","1980-12-02T06:00:00.000Z",2619816.49,"https://en.wikipedia.org/wiki/Lake_Clark_National_Park_and_Preserve"
"lassen-volcanic","Lassen Volcanic","park","1916-08-09T05:00:00.000Z",106589.02,"https://en.wikipedia.org/wiki/Lassen_Volcanic_National_Park"
"mammoth-cave","Mammoth Cave","park","1941-07-01T05:00:00.000Z",52830.19,"https://en.wikipedia.org/wiki/Mammoth_Cave_National_Park"
"mesa-verde","Mesa Verde","park","1906-06-29T05:00:00.000Z",52485.17,"https://en.wikipedia.org/wiki/Mesa_Verde_National_Park"
"mount-rainier","Mount Rainier","park","1899-03-02T06:00:00.000Z",236381.64,"https://en.wikipedia.org/wiki/Mount_Rainier_National_Park"
"north-cascades","North Cascades","park","1968-10-02T05:00:00.000Z",504780.94,"https://en.wikipedia.org/wiki/North_Cascades_National_Park"
"olympic","Olympic","park","1938-06-29T05:00:00.000Z",922650.1,"https://en.wikipedia.org/wiki/Olympic_National_Park"
"petrified-forest","Petrified Forest","park","1962-12-09T06:00:00.000Z",221415.77,"https://en.wikipedia.org/wiki/Petrified_Forest_National_Park"
"pinnacles","Pinnacles","park","2013-01-10T06:00:00.000Z",26685.73,"https://en.wikipedia.org/wiki/Pinnacles_National_Park"
"redwood","Redwood","park","1968-10-02T05:00:00.000Z",138999.37,"https://en.wikipedia.org/wiki/Redwood_National_and_State_Parks"
"rocky-mountain","Rocky Mountain","park","1915-01-26T06:00:00.000Z",265795.2,"https://en.wikipedia.org/wiki/Rocky_Mountain_National_Park"
"saguaro","Saguaro","park","1994-10-14T05:00:00.000Z",91715.72,"https://en.wikipedia.org/wiki/Saguaro_National_Park"
"sequoia","Sequoia","park","1890-09-25T05:00:00.000Z",404062.63,"https://en.wikipedia.org/wiki/Sequoia_National_Park"
"shenandoah","Shenandoah","park","1935-12-26T06:00:00.000Z",199195.27,"https://en.wikipedia.org/wiki/Shenandoah_National_Park"
"theodore-roosevelt","Theodore Roosevelt","park","1978-11-10T06:00:00.000Z",70446.89,"https://en.wikipedia.org/wiki/Theodore_Roosevelt_National_Park"
"virgin-islands","Virgin Islands","park","1956-08-02T05:00:00.000Z",14948.46,"https://en.wikipedia.org/wiki/Virgin_Islands_National_Park"
"voyageurs","Voyageurs","park","1971-01-08T06:00:00.000Z",218200.15,"https://en.wikipedia.org/wiki/Voyageurs_National_Park"
"wind-cave","Wind Cave","park","1903-01-09T06:00:00.000Z",33970.84,"https://en.wikipedia.org/wiki/Wind_Cave_National_Park"
"wrangell–st. elias","Wrangell–St. Elias","park","1980-12-02T06:00:00.000Z",8323146.48,"https://en.wikipedia.org/wiki/Wrangell%E2%80%93St._Elias_National_Park_and_Preserve"
"yellowstone","Yellowstone","park","1872-03-01T06:00:00.000Z",2219790.71,"https://en.wikipedia.org/wiki/Yellowstone_National_Park"
"yosemite","Yosemite","park","1890-10-01T05:00:00.000Z",761747.5,"https://en.wikipedia.org/wiki/Yosemite_National_Park"
"zion","Zion","park","1919-11-19T06:00:00.000Z",147237.02,"https://en.wikipedia.org/wiki/Zion_National_Park"
"agua-fria","Agua Fria","monument","2000-01-11T06:00:00.000Z",72344,"https://en.wikipedia.org/wiki/Agua_Fria_National_Monument"
"buck-island-reef","Buck Island Reef","monument","1961-12-28T06:00:00.000Z",880,"https://en.wikipedia.org/wiki/Buck_Island_Reef_National_Monument"
"capulin-volcano","Capulin Volcano","monument","1916-08-09T05:00:00.000Z",793,"https://en.wikipedia.org/wiki/Capulin_Volcano_National_Monument"
"aztec-ruins","Aztec Ruins","monument","1923-01-24T06:00:00.000Z",318,"https://en.wikipedia.org/wiki/Aztec_Ruins_National_Monument"
"el-morro","El Morro","monument","1906-12-08T06:00:00.000Z",221,"https://en.wikipedia.org/wiki/El_Morro_National_Monument"
"fossil-butte","Fossil Butte","monument","1972-10-23T05:00:00.000Z",8198,"https://en.wikipedia.org/wiki/Fossil_Butte_National_Monument"
"hagerman-fossil-beds","Hagerman Fossil Beds","monument","1988-11-18T06:00:00.000Z",4351,"https://en.wikipedia.org/wiki/Hagerman_Fossil_Beds_National_Monument"
"agate-fossil-beds","Agate Fossil Beds","monument","1997-06-14T05:00:00.000Z",11617,"https://en.wikipedia.org/wiki/Agate_Fossil_Beds_National_Monument"
"gold-butte","Gold Butte","monument","2016-12-28T06:00:00.000Z",0,"https://en.wikipedia.org/wiki/Gold_Butte_National_Monument"
"basin-and-range","Basin and Range","monument","2015-07-10T05:00:00.000Z",704000,"https://en.wikipedia.org/wiki/Basin_and_Range_National_Monument"
"fort-union","Fort Union","monument","1956-04-05T05:00:00.000Z",720.6,"https://en.wikipedia.org/wiki/Fort_Union_National_Monument"
"browns-canyon","Browns Canyon","monument","2015-02-19T06:00:00.000Z",21586,"https://en.wikipedia.org/wiki/Browns_Canyon_National_Monument"
"grand-canyon-parashant","Grand Canyon-Parashant","monument","2000-01-11T06:00:00.000Z",1048325,"https://en.wikipedia.org/wiki/Grand_Canyon-Parashant_National_Monument"
"freedom-riders","Freedom Riders","monument","2017-01-12T06:00:00.000Z",7.83,"https://en.wikipedia.org/wiki/Freedom_Riders_National_Monument"
"george-washington-carver","George Washington Carver","monument","1943-07-14T05:00:00.000Z",210,"https://en.wikipedia.org/wiki/George_Washington_Carver_National_Monument"
"hohokam-pima","Hohokam Pima","monument","1972-10-21T05:00:00.000Z",1690,"https://en.wikipedia.org/wiki/Hohokam_Pima_National_Monument"
"fort-sumter","Fort Sumter","monument","1948-04-28T05:00:00.000Z",0,"https://en.wikipedia.org/wiki/Fort_Sumter_National_Monument"
"ironwood-forest","Ironwood Forest","monument","2000-06-09T05:00:00.000Z",188619,"https://en.wikipedia.org/wiki/Ironwood_Forest_National_Monument"
"grand-portage","Grand Portage","monument","1960-01-27T06:00:00.000Z",710,"https://en.wikipedia.org/wiki/Grand_Portage_National_Monument"
"katahdin-woods-and-waters","Katahdin Woods and Waters","monument","2016-08-24T05:00:00.000Z",87563,"https://en.wikipedia.org/wiki/Katahdin_Woods_and_Waters_National_Monument"
"kasha-katuwe-tent-rocks","Kasha-Katuwe Tent Rocks","monument","2001-01-17T06:00:00.000Z",5402,"https://en.wikipedia.org/wiki/Kasha-Katuwe_Tent_Rocks_National_Monument"
"marianas-trench-marine","Marianas Trench Marine","monument","2009-01-06T06:00:00.000Z",0,"https://en.wikipedia.org/wiki/Marianas_Trench_Marine_National_Monument"
"tonto","Tonto","monument","1907-10-21T05:00:00.000Z",1120,"https://en.wikipedia.org/wiki/Tonto_National_Monument"
"montezuma-castle","Montezuma Castle","monument","1906-12-08T06:00:00.000Z",859.27,"https://en.wikipedia.org/wiki/Montezuma_Castle_National_Monument"
"northeast-canyons-and-seamounts-marine","Northeast Canyons and Seamounts Marine","monument","2016-09-15T05:00:00.000Z",4913,"https://en.wikipedia.org/wiki/Northeast_Canyons_and_Seamounts_Marine_National_Monument"
"fort-matanzas","Fort Matanzas","monument","1924-10-15T05:00:00.000Z",227.76,"https://en.wikipedia.org/wiki/Fort_Matanzas_National_Monument"
"organ-mountains-desert-peaks","Organ Mountains-Desert Peaks","monument","2014-05-21T05:00:00.000Z",496330,"https://en.wikipedia.org/wiki/Organ_Mountains-Desert_Peaks_National_Monument"
"pacific-remote-islands-marine","Pacific Remote Islands Marine","monument","2009-01-06T06:00:00.000Z",313818892,"https://en.wikipedia.org/wiki/Pacific_Remote_Islands_Marine_National_Monument"
"pipestone","Pipestone","monument","1937-08-25T05:00:00.000Z",281.78,"https://en.wikipedia.org/wiki/Pipestone_National_Monument"
"sunset-crater-volcano","Sunset Crater Volcano","monument","1930-05-30T05:00:00.000Z",3040,"https://en.wikipedia.org/wiki/Sunset_Crater"
"president-lincoln-and-soldiers’-home","President Lincoln and Soldiers’ Home","monument","2000-07-07T05:00:00.000Z",2.3,"https://en.wikipedia.org/wiki/President_Lincoln_and_Soldiers%E2%80%99_Home_National_Monument"
"sonoran-desert","Sonoran Desert","monument","2001-01-17T06:00:00.000Z",496400,"https://en.wikipedia.org/wiki/Sonoran_Desert_National_Monument"
"tuzigoot","Tuzigoot","monument","1939-07-25T05:00:00.000Z",811.89,"https://en.wikipedia.org/wiki/Tuzigoot_National_Monument"
"gila-cliff-dwellings","Gila Cliff Dwellings","monument","1907-11-16T06:00:00.000Z",533,"https://en.wikipedia.org/wiki/Gila_Cliff_Dwellings_National_Monument"
"vermilion-cliffs","Vermilion Cliffs","monument","2000-11-09T06:00:00.000Z",293689,"https://en.wikipedia.org/wiki/Vermilion_Cliffs_National_Monument"
"organ-pipe-cactus","Organ Pipe Cactus","monument","1937-04-13T05:00:00.000Z",330688,"https://en.wikipedia.org/wiki/Organ_Pipe_Cactus_National_Monument"
"yucca-house","Yucca House","monument","1919-12-19T06:00:00.000Z",33.87,"https://en.wikipedia.org/wiki/Yucca_House_National_Monument"
"waco-mammoth","Waco Mammoth","monument","2015-07-10T05:00:00.000Z",5,"https://en.wikipedia.org/wiki/Waco_Mammoth_National_Monument"
"virgin-islands-coral-reef","Virgin Islands Coral Reef","monument","2001-01-17T06:00:00.000Z",12708,"https://en.wikipedia.org/wiki/Virgin_Islands_Coral_Reef_National_Monument"
"pompeys-pillar","Pompeys Pillar","monument","2001-01-17T06:00:00.000Z",51,"https://en.wikipedia.org/wiki/Pompeys_Pillar_National_Monument"
"upper-missouri-river-breaks","Upper Missouri River Breaks","monument","2001-01-17T06:00:00.000Z",495502,"https://en.wikipedia.org/wiki/Upper_Missouri_River_Breaks_National_Monument"
"prehistoric-trackways","Prehistoric Trackways","monument","2009-03-30T05:00:00.000Z",5255,"https://en.wikipedia.org/wiki/Prehistoric_Trackways_National_Monument"
"pullman","Pullman","monument","2015-02-19T06:00:00.000Z",0,"https://en.wikipedia.org/wiki/Pullman_National_Monument"
"white-sands","White Sands","monument","1933-01-18T06:00:00.000Z",143733,"https://en.wikipedia.org/wiki/White_Sands_National_Monument"
"pipe-spring","Pipe Spring","monument","1923-05-31T05:00:00.000Z",40,"https://en.wikipedia.org/wiki/Pipe_Spring_National_Monument"
"reconstruction-era","Reconstruction Era","monument","2017-01-12T06:00:00.000Z",64.99,"https://en.wikipedia.org/wiki/Reconstruction_Era_National_Monument"
"walnut-canyon","Walnut Canyon","monument","1915-11-30T06:00:00.000Z",2249.5,"https://en.wikipedia.org/wiki/Walnut_Canyon_National_Monument"
"wupatki","Wupatki","monument","1924-12-09T06:00:00.000Z",35422,"https://en.wikipedia.org/wiki/Wupatki_National_Monument"
"tule-springs-fossil-beds","Tule Springs Fossil Beds","monument","2014-12-19T06:00:00.000Z",22650,"https://en.wikipedia.org/wiki/Tule_Springs_Fossil_Beds_National_Monument"
"harriet-tubman-underground-railroad","Harriet Tubman Underground Railroad","monument","2013-03-25T05:00:00.000Z",480,"https://en.wikipedia.org/wiki/Harriet_Tubman_Underground_Railroad_National_Monument"
"fort-frederica","Fort Frederica","monument","1936-05-26T05:00:00.000Z",218,"https://en.wikipedia.org/wiki/Fort_Frederica_National_Monument"
"homestead","Homestead","monument","1936-03-19T05:00:00.000Z",211,"https://en.wikipedia.org/wiki/Homestead_National_Monument_of_America"
"cape-krusenstern","Cape Krusenstern","monument","1978-12-01T06:00:00.000Z",649082,"https://en.wikipedia.org/wiki/Cape_Krusenstern_National_Monument"
"casa-grande-ruins","Casa Grande Ruins","monument","1918-08-03T05:00:00.000Z",472.5,"https://en.wikipedia.org/wiki/Casa_Grande_Ruins_National_Monument"
"fort-pulaski","Fort Pulaski","monument","1924-10-15T05:00:00.000Z",260,"https://en.wikipedia.org/wiki/Fort_Pulaski_National_Monument"
"hanford-reach","Hanford Reach","monument","2000-06-08T05:00:00.000Z",194451,"https://en.wikipedia.org/wiki/Hanford_Reach_National_Monument"
"california-coastal","California Coastal","monument","2000-01-11T06:00:00.000Z",2272,"https://en.wikipedia.org/wiki/California_Coastal_National_Monument"
"castle-mountains","Castle Mountains","monument","2016-02-12T06:00:00.000Z",20920,"https://en.wikipedia.org/wiki/Castle_Mountains_National_Monument"
"fort-mchenry","Fort McHenry","monument","1925-03-03T06:00:00.000Z",43.26,"https://en.wikipedia.org/wiki/Fort_McHenry"
"chimney-rock","Chimney Rock","monument","2012-09-21T05:00:00.000Z",4726,"https://en.wikipedia.org/wiki/Chimney_Rock_National_Monument"
"giant-sequoia","Giant Sequoia","monument","2000-04-15T05:00:00.000Z",327769,"https://en.wikipedia.org/wiki/Giant_Sequoia_National_Monument"
"grand-staircase-escalante","Grand Staircase-Escalante","monument","1996-09-18T05:00:00.000Z",1003863,"https://en.wikipedia.org/wiki/Grand_Staircase-Escalante_National_Monument"
"fort-stanwix","Fort Stanwix","monument","1935-08-21T05:00:00.000Z",16,"https://en.wikipedia.org/wiki/Fort_Stanwix"
"florissant-fossil-beds","Florissant Fossil Beds","monument","1969-08-20T05:00:00.000Z",5998,"https://en.wikipedia.org/wiki/Florissant_Fossil_Beds_National_Monument"
"george-washington-birthplace","George Washington Birthplace","monument","1930-01-23T06:00:00.000Z",661.7,"https://en.wikipedia.org/wiki/George_Washington_Birthplace_National_Monument"
"effigy-mounds","Effigy Mounds","monument","1949-10-25T05:00:00.000Z",2526,"https://en.wikipedia.org/wiki/Effigy_Mounds_National_Monument"
"jewel-cave","Jewel Cave","monument","1908-02-07T06:00:00.000Z",1273,"https://en.wikipedia.org/wiki/Jewel_Cave_National_Monument"
"hovenweep","Hovenweep","monument","1923-03-02T06:00:00.000Z",784,"https://en.wikipedia.org/wiki/Hovenweep_National_Monument"
"governors-island","Governors Island","monument","2001-01-19T06:00:00.000Z",22.78,"https://en.wikipedia.org/wiki/Governors_Island_National_Monument"
"fort-monroe","Fort Monroe","monument","2011-11-01T05:00:00.000Z",565,"https://en.wikipedia.org/wiki/Fort_Monroe"
"natural-bridges","Natural Bridges","monument","1908-04-16T05:00:00.000Z",7636,"https://en.wikipedia.org/wiki/Natural_Bridges_National_Monument"
"newberry","Newberry","monument","1990-11-05T06:00:00.000Z",55500,"https://en.wikipedia.org/wiki/Newberry_National_Volcanic_Monument"
"little-bighorn-battlefield","Little Bighorn Battlefield","monument","1940-07-01T05:00:00.000Z",765.34,"https://en.wikipedia.org/wiki/Little_Bighorn_Battlefield_National_Monument"
"muir-woods","Muir Woods","monument","1908-01-09T06:00:00.000Z",554,"https://en.wikipedia.org/wiki/Muir_Woods_National_Monument"
"john-day-fossil-beds","John Day Fossil Beds","monument","1974-10-26T05:00:00.000Z",0,"https://en.wikipedia.org/wiki/John_Day_Fossil_Beds_National_Monument"
"bandelier","Bandelier","monument","1916-02-11T06:00:00.000Z",54,"https://en.wikipedia.org/wiki/Bandelier_National_Monument"
"ocmulgee","Ocmulgee","monument","1936-12-23T06:00:00.000Z",701.54,"https://en.wikipedia.org/wiki/Ocmulgee_National_Monument"
"stonewall","Stonewall","monument","2016-06-24T05:00:00.000Z",7.7,"https://en.wikipedia.org/wiki/Stonewall_National_Monument"
"navajo","Navajo","monument","1909-03-20T05:00:00.000Z",360,"https://en.wikipedia.org/wiki/Navajo_National_Monument"
"statue-of-liberty","Statue of Liberty","monument","1924-10-15T05:00:00.000Z",0,"https://en.wikipedia.org/wiki/Statue_of_Liberty_National_Monument"
"poverty-point","Poverty Point","monument","1988-10-31T06:00:00.000Z",910.85,"https://en.wikipedia.org/wiki/Poverty_Point_National_Monument"
"oregon-caves","Oregon Caves","monument","1909-07-12T05:00:00.000Z",4554,"https://en.wikipedia.org/wiki/Oregon_Caves_National_Monument"
"russell-cave","Russell Cave","monument","1961-05-11T05:00:00.000Z",310,"https://en.wikipedia.org/wiki/Russell_Cave_National_Monument"
"rio-grande-del-norte","Río Grande del Norte","monument","2013-03-25T05:00:00.000Z",242555,"https://en.wikipedia.org/wiki/R%C3%ADo_Grande_del_Norte_National_Monument"
"alibates-flint-quarries","Alibates Flint Quarries","monument","1965-08-21T05:00:00.000Z",1371,"https://en.wikipedia.org/wiki/Alibates_Flint_Quarries_National_Monument"
"salinas-pueblo-missions","Salinas Pueblo Missions","monument","1909-11-01T05:00:00.000Z",1076.9,"https://en.wikipedia.org/wiki/Salinas_Pueblo_Missions_National_Monument"
"rose-atoll-marine","Rose Atoll Marine","monument","2009-01-06T06:00:00.000Z",8571633,"https://en.wikipedia.org/wiki/Rose_Atoll_Marine_National_Monument"
"rainbow-bridge","Rainbow Bridge","monument","1910-05-30T05:00:00.000Z",160,"https://en.wikipedia.org/wiki/Rainbow_Bridge_National_Monument"
"san-gabriel-mountains","San Gabriel Mountains","monument","2014-10-10T05:00:00.000Z",346177,"https://en.wikipedia.org/wiki/San_Gabriel_Mountains_National_Monument"
"aniakchak","Aniakchak","monument","1978-12-01T06:00:00.000Z",2100,"https://en.wikipedia.org/wiki/Aniakchak_National_Monument_and_Preserve"
"booker-t.-washington","Booker T. Washington","monument","1956-04-02T05:00:00.000Z",198.8,"https://en.wikipedia.org/wiki/Booker_T._Washington_National_Monument"
"berryessa-snow-mountain","Berryessa Snow Mountain","monument","2015-07-10T05:00:00.000Z",330780,"https://en.wikipedia.org/wiki/Berryessa_Snow_Mountain_National_Monument"
"bears-ears","Bears Ears","monument","2016-12-28T06:00:00.000Z",201876,"https://en.wikipedia.org/wiki/Bears_Ears_National_Monument"
"birmingham-civil-rights","Birmingham Civil Rights","monument","2017-01-12T06:00:00.000Z",18.25,"https://en.wikipedia.org/wiki/Birmingham_Civil_Rights_National_Monument"
"scotts-bluff","Scotts Bluff","monument","1919-12-12T06:00:00.000Z",3005,"https://en.wikipedia.org/wiki/Scotts_Bluff_National_Monument"
"sand-to-snow","Sand to Snow","monument","2016-02-12T06:00:00.000Z",154000,"https://en.wikipedia.org/wiki/Sand_to_Snow_National_Monument"
"cabrillo","Cabrillo","monument","1913-10-14T05:00:00.000Z",143.9,"https://en.wikipedia.org/wiki/Cabrillo_National_Monument"
"belmont-paul-women's-equality","Belmont-Paul Women's Equality","monument","2016-04-12T05:00:00.000Z",0,"https://en.wikipedia.org/wiki/Belmont-Paul_Women%27s_Equality_National_Monument"
"canyon-de-chelly","Canyon de Chelly","monument","1931-04-01T05:00:00.000Z",83840,"https://en.wikipedia.org/wiki/Canyon_de_Chelly_National_Monument"
"cascade–siskiyou","Cascade–Siskiyou","monument","2000-06-09T05:00:00.000Z",86774,"https://en.wikipedia.org/wiki/Cascade%E2%80%93Siskiyou_National_Monument"
"dinosaur","Dinosaur","monument","1915-10-04T05:00:00.000Z",210844,"https://en.wikipedia.org/wiki/Dinosaur_National_Monument"
"cedar-breaks","Cedar Breaks","monument","1933-08-22T05:00:00.000Z",6155,"https://en.wikipedia.org/wiki/Cedar_Breaks_National_Monument"
"castillo-de-san-marcos","Castillo de San Marcos","monument","1924-10-15T05:00:00.000Z",320,"https://en.wikipedia.org/wiki/Castillo_de_San_Marcos"
"canyons-of-the-ancients","Canyons of the Ancients","monument","2000-06-09T05:00:00.000Z",176056,"https://en.wikipedia.org/wiki/Canyons_of_the_Ancients_National_Monument"
"craters-of-the-moon","Craters of the Moon","monument","1924-05-02T05:00:00.000Z",464303,"https://en.wikipedia.org/wiki/Craters_of_the_Moon_National_Monument_and_Preserve"
"castle-clinton","Castle Clinton","monument","1946-08-12T05:00:00.000Z",1,"https://en.wikipedia.org/wiki/Castle_Clinton"
"cesar-e.-chavez","César E. Chávez","monument","2012-10-08T05:00:00.000Z",116,"https://en.wikipedia.org/wiki/C%C3%A9sar_E._Ch%C3%A1vez_National_Monument"
"chiricahua","Chiricahua","monument","1924-04-18T05:00:00.000Z",11984,"https://en.wikipedia.org/wiki/Chiricahua_National_Monument"
"devils-postpile","Devils Postpile","monument","1911-07-06T05:00:00.000Z",798,"https://en.wikipedia.org/wiki/Devils_Postpile_National_Monument"
"colorado","Colorado","monument","1911-05-24T05:00:00.000Z",20533,"https://en.wikipedia.org/wiki/Colorado_National_Monument"
"charles-young-buffalo-soldiers","Charles Young Buffalo Soldiers","monument","2013-03-25T05:00:00.000Z",0,"https://en.wikipedia.org/wiki/Charles_Young_Buffalo_Soldiers_National_Monument"
"devils-tower","Devils Tower","monument","1906-09-24T05:00:00.000Z",1346,"https://en.wikipedia.org/wiki/Devils_Tower_National_Monument"
"el-malpais","El Malpais","monument","1987-12-31T06:00:00.000Z",114276,"https://en.wikipedia.org/wiki/El_Malpais_National_Monument"
"military-working-dog-teams","Military Working Dog Teams","monument","2013-10-28T05:00:00.000Z",0,"https://en.wikipedia.org/wiki/Military_Working_Dog_Teams_National_Monument"
"misty-fjords","Misty Fjords","monument","1978-12-01T06:00:00.000Z",2294343,"https://en.wikipedia.org/wiki/Misty_Fjords_National_Monument"
"honouliuli","Honouliuli","monument","2015-02-19T06:00:00.000Z",122.5,"https://en.wikipedia.org/wiki/Honouliuli_Internment_Camp"
"admiralty-island","Admiralty Island","monument","1978-12-01T06:00:00.000Z",955747,"https://en.wikipedia.org/wiki/Admiralty_Island_National_Monument"
"mount-st.-helens","Mount St. Helens","monument","1982-08-27T05:00:00.000Z",110000,"https://en.wikipedia.org/wiki/Mount_St._Helens_National_Volcanic_Monument"
"mojave-trails","Mojave Trails","monument","2016-02-12T06:00:00.000Z",1600000,"https://en.wikipedia.org/wiki/Mojave_Trails_National_Monument"
"timpanogos-cave","Timpanogos Cave","monument","1922-10-14T05:00:00.000Z",250,"https://en.wikipedia.org/wiki/Timpanogos_Cave_National_Monument"
"papahanaumokuakea-marine","Papahānaumokuākea Marine","monument","2006-06-15T05:00:00.000Z",583000,"https://en.wikipedia.org/wiki/Papah%C4%81naumoku%C4%81kea_Marine_National_Monument"
"petroglyph","Petroglyph","monument","1990-06-27T05:00:00.000Z",7532,"https://en.wikipedia.org/wiki/Petroglyph_National_Monument"
"fort-ord","Fort Ord","monument","2012-04-20T05:00:00.000Z",0,"https://en.wikipedia.org/wiki/Fort_Ord_National_Monument"
"african-burial-ground","African Burial Ground","monument","2006-02-27T06:00:00.000Z",0.35,"https://en.wikipedia.org/wiki/African_Burial_Ground_National_Monument"
"lava-beds","Lava Beds","monument","1925-11-21T06:00:00.000Z",46692,"https://en.wikipedia.org/wiki/Lava_Beds_National_Monument"
"world-war-ii-valor-in-the-pacific","World War II Valor in the Pacific","monument","2008-12-05T06:00:00.000Z",6310,"https://en.wikipedia.org/wiki/World_War_II_Valor_in_the_Pacific_National_Monument"
"san-juan-islands","San Juan Islands","monument","2013-03-25T05:00:00.000Z",1000,"https://en.wikipedia.org/wiki/San_Juan_Islands_National_Monument"
"santa-rosa-and-san-jacinto-mountains","Santa Rosa and San Jacinto Mountains","monument","2000-10-24T05:00:00.000Z",280071,"https://en.wikipedia.org/wiki/Santa_Rosa_and_San_Jacinto_Mountains_National_Monument"
"carrizo-plain","Carrizo Plain","monument","2001-01-12T06:00:00.000Z",1215,"https://en.wikipedia.org/wiki/Carrizo_Plain"